{
    "intrinsic_matrix": [[247.35018305,   0,         156.88602576],
                         [  0,         247.94240196, 123.0374114 ],
                         [  0,           0,           1        ]],
    "distortion_coef":  [[-6.14202331e-01,  4.84363768e+00,  2.75821000e-03, -7.39096261e-03, -1.22964663e+01]]
}