{
    "intrinsic_matrix": [[261.769565516300,	               0, 161.256997937067],
                         [               0,	262.273063596622, 117.444464934205],
                         [               0,	               0,	             1]],  
    "distortion_coef": [-0.108135070839749,	0.261055207874722, -0.001865539321266, -4.399891739316744e-04,	0.00136610272409854]
}

